model_id,prompts_rated,ratings_count,emotion_recognition,validation_without_overagreement,social_judgement,creative_voice,humanlike_conversation,practical_usefulness,boundary_safety,low_sycophancy,overall_score
grok-web,3,3,6.0,6.0,6.0,6.666666666666667,6.666666666666667,5.666666666666667,5.333333333333333,5.333333333333333,6.066666666666666
chatgpt-web,3,3,5.666666666666667,5.666666666666667,5.333333333333333,5.0,5.0,5.666666666666667,6.666666666666667,6.333333333333333,5.55
gemini-web,3,3,5.666666666666667,5.666666666666667,5.666666666666667,6.0,5.666666666666667,5.0,5.0,4.0,5.516666666666667
